--
-- PostgreSQL database dump
--

\restrict SYs2zfMfruWcE2onR1qO4pZRwKFICHPQXsjZBRhV9xymmXNOrZZaY0mD87QpVhV

-- Dumped from database version 17.6
-- Dumped by pg_dump version 17.6

SET statement_timeout = 0;
SET lock_timeout = 0;
SET idle_in_transaction_session_timeout = 0;
SET transaction_timeout = 0;
SET client_encoding = 'UTF8';
SET standard_conforming_strings = on;
SELECT pg_catalog.set_config('search_path', '', false);
SET check_function_bodies = false;
SET xmloption = content;
SET client_min_messages = warning;
SET row_security = off;

SET default_tablespace = '';

SET default_table_access_method = heap;

--
-- Name: categorie_depense; Type: TABLE; Schema: public; Owner: postgres
--

CREATE TABLE public.categorie_depense (
    id_cd integer NOT NULL,
    libelle character varying(255) NOT NULL,
    created timestamp without time zone NOT NULL,
    type character varying(255) NOT NULL,
    id_utilisateur integer
);


ALTER TABLE public.categorie_depense OWNER TO postgres;

--
-- Name: categorie_depense_detail; Type: TABLE; Schema: public; Owner: postgres
--

CREATE TABLE public.categorie_depense_detail (
    id_cdd integer NOT NULL,
    libelle character varying(255) NOT NULL,
    created timestamp without time zone,
    id_cd integer NOT NULL,
    id_utilisateur integer
);


ALTER TABLE public.categorie_depense_detail OWNER TO postgres;

--
-- Name: categorie_depense_detail_id_cdd_seq; Type: SEQUENCE; Schema: public; Owner: postgres
--

CREATE SEQUENCE public.categorie_depense_detail_id_cdd_seq
    AS integer
    START WITH 1
    INCREMENT BY 1
    NO MINVALUE
    NO MAXVALUE
    CACHE 1;


ALTER SEQUENCE public.categorie_depense_detail_id_cdd_seq OWNER TO postgres;

--
-- Name: categorie_depense_detail_id_cdd_seq; Type: SEQUENCE OWNED BY; Schema: public; Owner: postgres
--

ALTER SEQUENCE public.categorie_depense_detail_id_cdd_seq OWNED BY public.categorie_depense_detail.id_cdd;


--
-- Name: categorie_depense_id_cd_seq; Type: SEQUENCE; Schema: public; Owner: postgres
--

CREATE SEQUENCE public.categorie_depense_id_cd_seq
    AS integer
    START WITH 1
    INCREMENT BY 1
    NO MINVALUE
    NO MAXVALUE
    CACHE 1;


ALTER SEQUENCE public.categorie_depense_id_cd_seq OWNER TO postgres;

--
-- Name: categorie_depense_id_cd_seq; Type: SEQUENCE OWNED BY; Schema: public; Owner: postgres
--

ALTER SEQUENCE public.categorie_depense_id_cd_seq OWNED BY public.categorie_depense.id_cd;


--
-- Name: depense; Type: TABLE; Schema: public; Owner: postgres
--

CREATE TABLE public.depense (
    id_depense integer NOT NULL,
    created timestamp without time zone NOT NULL,
    est_prevue boolean NOT NULL,
    description character varying(255),
    id_cd integer NOT NULL,
    id_utilisateur integer NOT NULL
);


ALTER TABLE public.depense OWNER TO postgres;

--
-- Name: depense_detail; Type: TABLE; Schema: public; Owner: postgres
--

CREATE TABLE public.depense_detail (
    id_depense_detail integer NOT NULL,
    qte double precision NOT NULL,
    pu double precision NOT NULL,
    created timestamp without time zone NOT NULL,
    designation character varying(255),
    id_depense integer NOT NULL,
    id_cdd integer NOT NULL,
    id_unite integer NOT NULL
);


ALTER TABLE public.depense_detail OWNER TO postgres;

--
-- Name: depense_detail_id_depense_detail_seq; Type: SEQUENCE; Schema: public; Owner: postgres
--

CREATE SEQUENCE public.depense_detail_id_depense_detail_seq
    AS integer
    START WITH 1
    INCREMENT BY 1
    NO MINVALUE
    NO MAXVALUE
    CACHE 1;


ALTER SEQUENCE public.depense_detail_id_depense_detail_seq OWNER TO postgres;

--
-- Name: depense_detail_id_depense_detail_seq; Type: SEQUENCE OWNED BY; Schema: public; Owner: postgres
--

ALTER SEQUENCE public.depense_detail_id_depense_detail_seq OWNED BY public.depense_detail.id_depense_detail;


--
-- Name: depense_id_depense_seq; Type: SEQUENCE; Schema: public; Owner: postgres
--

CREATE SEQUENCE public.depense_id_depense_seq
    AS integer
    START WITH 1
    INCREMENT BY 1
    NO MINVALUE
    NO MAXVALUE
    CACHE 1;


ALTER SEQUENCE public.depense_id_depense_seq OWNER TO postgres;

--
-- Name: depense_id_depense_seq; Type: SEQUENCE OWNED BY; Schema: public; Owner: postgres
--

ALTER SEQUENCE public.depense_id_depense_seq OWNED BY public.depense.id_depense;


--
-- Name: param; Type: TABLE; Schema: public; Owner: postgres
--

CREATE TABLE public.param (
    id_param integer NOT NULL,
    libelle character varying(255) NOT NULL,
    valeur character varying(255) NOT NULL
);


ALTER TABLE public.param OWNER TO postgres;

--
-- Name: param_id_param_seq; Type: SEQUENCE; Schema: public; Owner: postgres
--

ALTER TABLE public.param ALTER COLUMN id_param ADD GENERATED BY DEFAULT AS IDENTITY (
    SEQUENCE NAME public.param_id_param_seq
    START WITH 1
    INCREMENT BY 1
    NO MINVALUE
    NO MAXVALUE
    CACHE 1
);


--
-- Name: unite; Type: TABLE; Schema: public; Owner: postgres
--

CREATE TABLE public.unite (
    id_unite integer NOT NULL,
    libelle character varying(255) NOT NULL
);


ALTER TABLE public.unite OWNER TO postgres;

--
-- Name: unite_id_unite_seq; Type: SEQUENCE; Schema: public; Owner: postgres
--

CREATE SEQUENCE public.unite_id_unite_seq
    AS integer
    START WITH 1
    INCREMENT BY 1
    NO MINVALUE
    NO MAXVALUE
    CACHE 1;


ALTER SEQUENCE public.unite_id_unite_seq OWNER TO postgres;

--
-- Name: unite_id_unite_seq; Type: SEQUENCE OWNED BY; Schema: public; Owner: postgres
--

ALTER SEQUENCE public.unite_id_unite_seq OWNED BY public.unite.id_unite;


--
-- Name: utilisateur; Type: TABLE; Schema: public; Owner: postgres
--

CREATE TABLE public.utilisateur (
    id_utilisateur bigint NOT NULL,
    active boolean NOT NULL,
    created_token timestamp(6) without time zone,
    email character varying(255) NOT NULL,
    mdp character varying(255) NOT NULL,
    role character varying(255),
    nom character varying(255) NOT NULL,
    validation_token character varying(255),
    created_reset_token timestamp(6) without time zone,
    reset_token character varying(255)
);


ALTER TABLE public.utilisateur OWNER TO postgres;

--
-- Name: utilisateur_id_utilisateur_seq; Type: SEQUENCE; Schema: public; Owner: postgres
--

ALTER TABLE public.utilisateur ALTER COLUMN id_utilisateur ADD GENERATED BY DEFAULT AS IDENTITY (
    SEQUENCE NAME public.utilisateur_id_utilisateur_seq
    START WITH 1
    INCREMENT BY 1
    NO MINVALUE
    NO MAXVALUE
    CACHE 1
);


--
-- Name: categorie_depense id_cd; Type: DEFAULT; Schema: public; Owner: postgres
--

ALTER TABLE ONLY public.categorie_depense ALTER COLUMN id_cd SET DEFAULT nextval('public.categorie_depense_id_cd_seq'::regclass);


--
-- Name: categorie_depense_detail id_cdd; Type: DEFAULT; Schema: public; Owner: postgres
--

ALTER TABLE ONLY public.categorie_depense_detail ALTER COLUMN id_cdd SET DEFAULT nextval('public.categorie_depense_detail_id_cdd_seq'::regclass);


--
-- Name: depense id_depense; Type: DEFAULT; Schema: public; Owner: postgres
--

ALTER TABLE ONLY public.depense ALTER COLUMN id_depense SET DEFAULT nextval('public.depense_id_depense_seq'::regclass);


--
-- Name: depense_detail id_depense_detail; Type: DEFAULT; Schema: public; Owner: postgres
--

ALTER TABLE ONLY public.depense_detail ALTER COLUMN id_depense_detail SET DEFAULT nextval('public.depense_detail_id_depense_detail_seq'::regclass);


--
-- Name: unite id_unite; Type: DEFAULT; Schema: public; Owner: postgres
--

ALTER TABLE ONLY public.unite ALTER COLUMN id_unite SET DEFAULT nextval('public.unite_id_unite_seq'::regclass);


--
-- Data for Name: categorie_depense; Type: TABLE DATA; Schema: public; Owner: postgres
--

COPY public.categorie_depense (id_cd, libelle, created, type, id_utilisateur) FROM stdin;
1	entretien_moto	2026-03-08 12:14:40.833016	MAINTENANCE	\N
2	sakafo	2026-03-08 12:14:40.833016	ALIMENTATION	\N
3	deplacement	2026-03-08 12:14:40.833016	TRANSPORT	\N
4	loyer	2026-03-08 12:14:40.833016	FIXE	\N
5	internet	2026-03-08 12:14:40.833016	ABONNEMENT	\N
6	loisirs	2026-03-08 12:14:40.833016	VARIABLE	\N
7	Médicatement	2026-03-09 22:35:43.325194	SANITAIRE	\N
8	Maison	2026-03-12 17:45:33.435372	MENAGERE	\N
9	Charge variable	2026-03-14 12:26:40.850002	CHARGE	\N
\.


--
-- Data for Name: categorie_depense_detail; Type: TABLE DATA; Schema: public; Owner: postgres
--

COPY public.categorie_depense_detail (id_cdd, libelle, created, id_cd, id_utilisateur) FROM stdin;
5	Ticket de bus	2026-03-08 12:14:40.833016	3	\N
7	Facture internet	2026-03-08 12:14:40.833016	4	\N
11	Gouté	2026-03-08 20:30:00	2	\N
23	Jirama	2026-03-14 12:27:00	9	\N
24	parking	2026-03-14 12:29:00	1	\N
25	Lessive	2026-03-14 17:28:00	8	\N
26	Cuisine	2026-03-15 12:45:00	8	\N
1	Vidange moteur	2026-03-08 12:14:40.833016	1	1
2	Plaquettes de frein	2026-03-08 12:14:40.833016	1	1
3	Achat riz	2026-03-08 12:14:40.833016	2	1
4	Légumes frais	2026-03-08 12:14:40.833016	2	1
6	Frais de parking	2026-03-08 12:14:40.833016	3	1
8	Abonnement Netflix	2026-03-08 12:14:40.833016	4	1
9	Café maraina	2026-03-08 20:27:00	2	1
10	Mofo maraina	2026-03-08 20:30:00	2	1
12	Essence	2026-03-08 20:33:00	1	1
13	credit ITU	2026-03-08 20:40:00	5	1
14	Plat toandro	2026-03-08 20:42:00	2	1
15	vermifuge	2026-03-09 22:36:00	7	1
16	flitre à air	2026-03-11 08:55:00	1	1
17	viande hachée	2026-03-11 19:33:00	2	1
18	kitoza	2026-03-12 17:41:00	2	1
19	Toilette	2026-03-12 17:45:00	8	1
20	Vary maraina	2026-03-13 09:03:00	2	1
21	Hen'omby	2026-03-13 17:56:00	2	1
22	Diner	2026-03-13 18:00:00	2	1
\.


--
-- Data for Name: depense; Type: TABLE DATA; Schema: public; Owner: postgres
--

COPY public.depense (id_depense, created, est_prevue, description, id_cd, id_utilisateur) FROM stdin;
3	2026-03-08 23:00:00	t	test 123	2	1
4	2026-03-09 11:16:00	f	sakafo ITU	2	1
5	2026-03-09 20:34:00	f	fanafodin-kakana	7	1
6	2026-03-10 15:00:00	f	Dejeuner ITU MIDI	2	1
7	2026-03-10 20:45:00	f	sakafo sy gouté hariva	2	1
8	2026-03-11 11:00:00	f	sakafo ITU + gouté	2	1
9	2026-03-11 19:38:00	f	Essence 2,04L	1	1
11	2026-03-11 21:15:00	f	sakafo hariva	2	1
12	2026-03-12 14:09:00	f	SAKAFO ITU 	2	1
15	2026-03-12 20:40:00	f	sakafo hariva et gouté	2	1
16	2026-03-12 20:46:00	f	toilette	8	1
18	2026-03-13 11:00:00	f	sakafo ITU	2	1
22	2026-03-13 20:55:00	f	sakafo hariva	2	1
23	2026-03-13 22:43:00	f	credi yellow One ITU	5	1
24	2026-03-14 15:23:00	f	diovina ny etrié	1	1
26	2026-03-14 15:27:00	f	JIRAMA MARS 2026	9	1
27	2026-03-14 20:26:00	f	gout apres midi	2	1
28	2026-03-14 20:29:00	f	hanasana lamba dem	8	1
30	2026-03-15 15:44:00	f	Sira sy menaka	8	1
31	2026-03-16 14:02:00	f	goute nody any antrano	2	1
32	2026-03-16 21:32:00	f	Gouté hariva	2	1
34	2026-03-17 19:30:00	f	essence galana andoharanofotsy	1	1
35	2026-03-18 13:34:00	f	gouté maraina et sakafo ITU	2	1
36	2026-03-18 22:16:00	f	sakafo hariva et gouté	2	1
37	2026-03-18 22:17:00	f	parkin	1	1
38	2026-03-19 14:32:00	f	sakafo ITU et gouté	2	1
40	2026-03-19 21:55:00	f	sakafo hariva	2	1
41	2026-03-19 21:58:00	f	papier toilette	8	1
33	2026-03-17 13:00:00	f	gouté matin et sakafo ITU et sakafo hariva	2	1
42	2026-03-20 13:48:00	f	sakafo atoandro trano	2	1
44	2026-03-21 12:48:00	f	petit dejener et beurre pour gouté et oeufs pour diner	2	1
45	2026-03-22 12:50:00	f	manasa lamba	8	1
46	2026-03-22 12:34:00	f	sakafo maraina et atoandro	2	1
47	2026-03-23 23:30:00	f	sakafo hariva	2	1
48	2026-03-23 18:32:00	f	essence	1	1
49	2026-03-23 23:33:00	f	menaka	8	1
50	2026-03-24 10:38:00	f	sakafo ITU 	2	1
51	2026-03-24 21:18:00	f	sakafo hariva	2	1
52	2026-03-24 21:19:00	f	ronono	8	1
53	2026-03-25 14:05:00	f	Sakafo ITU 	2	1
54	2026-03-25 21:06:00	f	sakafo et gouté hariva	2	1
56	2026-03-26 13:24:00	f	Sakafo et Gouté  ITU	2	1
57	2026-03-26 23:36:00	f	sakafo hariva	2	1
58	2026-03-26 23:37:00	f	papier genika	8	1
59	2026-03-27 15:39:00	f	gouter et sakafo ITU	2	1
60	2026-03-27 15:44:00	f	credit telma	5	1
\.


--
-- Data for Name: depense_detail; Type: TABLE DATA; Schema: public; Owner: postgres
--

COPY public.depense_detail (id_depense_detail, qte, pu, created, designation, id_depense, id_cdd, id_unite) FROM stdin;
134	0.125	22400	2026-03-19 18:58:32.662322	kitoza	40	21	4
33	2	300	2026-03-09 12:09:27.330926	makasoaka sy menakely	3	10	3
34	1	5000	2026-03-09 12:09:27.331118	vary	3	14	3
35	1	1000	2026-03-09 12:09:27.331288	jus citron	3	14	3
41	1	400	2026-03-09 12:49:20.229162	cafe matin	4	9	3
42	2	300	2026-03-09 12:49:20.229332	makasoaka roa	4	9	3
43	1	5000	2026-03-09 12:49:20.229496	vary	4	14	3
44	1	2200	2026-03-09 12:49:20.229685	cristaline 1/2	4	11	3
45	1	1000	2026-03-09 12:49:20.229838	Jus a la menthe	4	14	3
47	1	11800	2026-03-09 22:40:59.068346	l'Albendazole	5	15	3
48	1	6000	2026-03-10 13:07:42.889296	saucisse sy haricovert	6	14	3
49	2	2000	2026-03-10 13:07:43.027804	mofo au poulet ITU	6	11	3
50	2	1200	2026-03-10 19:35:40.369422	frego	7	11	3
51	2	1000	2026-03-10 19:35:40.369758	Mofo dopaina	7	11	3
53	1	3000	2026-03-11 12:39:29.274785	hot dog	8	11	3
54	1	5000	2026-03-11 12:39:29.415616	Henakisoa sy anandrano	8	14	3
55	2.04	4900	2026-03-11 19:31:40.979549	essence 2,04 litre shelle fiadanamanga	9	12	2
56	1	300	2026-03-11 19:40:51.118602	anana 	11	4	3
57	0.125	22400	2026-03-11 19:40:51.39859	totoken teo @grossiste ambohijanaka	11	17	4
58	1	2000	2026-03-11 19:40:51.399058	akondro	11	4	4
59	1	300	2026-03-11 19:40:51.399209	tomaty sy voatabia	11	4	3
63	1	3000	2026-03-12 17:40:20.485343	Goute maraina, humbergure	12	11	3
64	1	6000	2026-03-12 17:40:20.485479	saksfo atoandro eo ampita	12	14	3
65	1	2200	2026-03-12 17:40:20.485924	cristalline 1l	12	11	3
66	0.125	22400	2026-03-12 17:44:31.869074	kitoza grosiste	15	18	4
67	2	1200	2026-03-12 17:44:32.146822	frego	15	11	3
68	2	700	2026-03-12 17:47:55.551083	papier genique	16	19	3
71	1	1500	2026-03-13 12:29:45.342492	vary @anana sy atody	18	20	3
72	1	2200	2026-03-13 12:29:45.342749	rano cristalline	18	11	3
73	1	3500	2026-03-13 12:29:45.496427	Riz contonnais 	18	14	3
74	0.25	22000	2026-03-13 18:11:26.340976	henomby grossiste	22	21	4
75	2	1200	2026-03-13 18:11:26.617666	frego roa	22	11	3
76	2	700	2026-03-13 18:11:26.756553	oeuf	22	22	3
77	1	300	2026-03-13 18:11:26.895147	tomaty sy tongolo	22	4	3
78	1	300	2026-03-13 18:11:26.89539	tongolo gasy	22	4	3
79	1	200	2026-03-13 18:11:26.895567	tongolo maintso	22	4	3
80	2	1000	2026-03-13 18:11:26.895741	paty matsiro 2	22	22	3
81	1	2400	2026-03-13 18:11:26.895941	legume lasopy	22	4	4
82	1	1000	2026-03-13 19:44:10.496328	credit maraina ITU	23	13	3
84	1	9300	2026-03-14 12:27:59.183092	mois de mars	26	23	3
85	1	10000	2026-03-14 12:46:40.113673	nettoyage	24	2	3
86	2	500	2026-03-14 12:46:40.311763	parking jirama, jumbo	24	24	3
87	1	1000	2026-03-14 17:28:38.665308	depense detail gout apres midi pour Gouté	27	11	3
88	2	1200	2026-03-14 17:28:38.665807	depense detail gout apres midi pour Gouté	27	11	3
89	1	2500	2026-03-14 17:28:38.666028	depense detail gout apres midi pour Gouté	27	11	3
90	1	1000	2026-03-14 17:29:57.267566	savony	28	25	3
91	3	300	2026-03-14 17:29:57.268144	extra propre	28	25	3
98	1	5000	2026-03-15 18:28:40.411502	Menaka	30	26	3
99	2	400	2026-03-15 18:28:40.411958	Sira fotsy	30	26	3
100	1	300	2026-03-15 18:28:40.412145	Tongolo sy voatabia	30	26	3
101	16	200	2026-03-15 18:28:40.542259	akanjo	30	25	3
102	1	500	2026-03-15 18:28:40.542507	kiraro	30	25	3
105	2	3000	2026-03-16 11:03:15.647784	tacos	31	11	3
106	1	2500	2026-03-16 11:03:15.647898	coca 1/2	31	11	3
107	1	1600	2026-03-16 18:35:06.057662	Peti beurre	32	11	3
108	1	1200	2026-03-16 18:35:06.058012	Frego	32	11	3
119	1.03	4900	2026-03-17 21:34:14.932807	depense detail essence galana andoharanofotsy pour Essence	34	12	2
123	1	2000	2026-03-18 19:16:36.694998	sandwich au poulet	35	11	3
124	1	5000	2026-03-18 19:16:36.695092	HK sy haricoverts	35	14	3
125	1	2200	2026-03-18 19:16:36.695184	cristalline 1L	35	11	3
126	2	1000	2026-03-18 19:17:46.533136	mofo misy dobera	36	11	3
127	2	1200	2026-03-18 19:17:46.533459	frego	36	11	3
128	1	200	2026-03-18 19:18:31.198686	ankadimbahoaka	37	24	3
131	1	2200	2026-03-19 18:53:24.579465	cristalline	38	11	3
132	1	3000	2026-03-19 18:53:24.579587	sandwich masira eo ampita	38	11	3
133	1	6000	2026-03-19 18:53:24.710371	hk anandrano	38	14	3
136	2	700	2026-03-19 20:15:08.005999	papier toilette	41	19	3
137	2	2000	2026-03-19 20:57:03.205833	sandwich poulet	33	11	3
138	1	5000	2026-03-19 20:57:03.206107	cote de porc	33	14	3
139	1	1700	2026-03-19 20:57:03.206311	coca cola	33	11	3
140	2	1200	2026-03-19 20:57:03.206599	frego	33	11	3
141	2	700	2026-03-19 20:57:03.206847	loka atody	33	22	3
142	1	2000	2026-03-20 10:51:13.130826	corgette	42	4	3
143	0.5	5600	2026-03-20 10:51:13.136957	totokena grossiste	42	17	4
144	1	2500	2026-03-20 10:51:13.142051	coca cola	42	11	3
145	1	500	2026-03-20 10:51:13.142207	tongolo sy voatabia	42	4	3
146	1	1000	2026-03-21 09:50:38.512749	cafe au lait	44	9	3
147	5	300	2026-03-21 09:50:38.515834	menakely	44	10	3
148	1	500	2026-03-21 09:50:38.518664	beurre pour mais	44	11	3
151	1	500	2026-03-22 09:36:19.956543	cafe trotra etsy ampita trano	46	9	3
152	5	300	2026-03-22 09:36:19.958782	boko2	46	10	3
153	1	2000	2026-03-22 09:36:19.960936	voatavo	46	4	3
154	1	500	2026-03-22 09:36:19.961017	tongolo sy voatabia	46	4	3
155	3	300	2026-03-22 15:39:49.527998	extra propre	45	25	3
156	1	1000	2026-03-22 15:39:49.528391	savony	45	25	3
157	15	200	2026-03-22 15:39:49.528457	akanjo	45	25	3
158	1	500	2026-03-22 15:39:49.52851	kiraro	45	25	3
159	2	1200	2026-03-23 20:32:43.638855	frego	47	11	3
160	2	700	2026-03-23 20:32:43.641654	atody	47	22	3
161	4.09	4900	2026-03-23 20:33:49.085478	essence galana andoram	48	12	2
162	1	5000	2026-03-23 20:34:22.532923	menaka cacheté	49	26	3
164	1	1500	2026-03-24 13:40:25.435873	vary @anana sy atody	50	20	3
165	1	5000	2026-03-24 13:40:25.437822	henomby ritra	50	14	3
166	1	1000	2026-03-24 13:40:25.437884	jus citron	50	14	3
167	1	1000	2026-03-24 13:40:25.440172	mofo akondro	50	11	3
168	2	1200	2026-03-24 18:19:55.771988	frego	51	11	3
169	1	1000	2026-03-24 18:19:55.773962	pain au beurre	51	22	3
170	1	5600	2026-03-24 18:20:24.970885	ronon nestilé	52	26	3
172	1	3000	2026-03-25 16:34:49.579741	Panini eo ampita	53	11	3
173	1	5000	2026-03-25 16:34:49.581858	Cote de porc	53	14	3
174	1	1000	2026-03-25 16:34:49.581934	Jus citron 	53	14	3
175	2	1200	2026-03-25 18:07:57.704708	frego	54	11	3
176	2	700	2026-03-25 18:07:57.706737	atody	54	22	3
177	2	2000	2026-03-26 10:26:00.213869	sandwich au poulet eo ampita	56	11	3
178	1	2200	2026-03-26 10:26:00.213988	cristalline eo ampita	56	11	3
179	2	700	2026-03-26 20:37:56.611009	atody	57	22	3
180	2	1200	2026-03-26 20:37:56.613619	frego	57	11	3
181	2	700	2026-03-26 20:38:39.244847	papier hygienique	58	19	3
182	1	1500	2026-03-27 12:44:21.200035	pain au nem	59	11	3
183	1	6000	2026-03-27 12:44:21.2038	henkisoa sy haricovert	59	14	3
184	2	1000	2026-03-27 12:44:58.053224	credit yas	60	13	3
\.


--
-- Data for Name: param; Type: TABLE DATA; Schema: public; Owner: postgres
--

COPY public.param (id_param, libelle, valeur) FROM stdin;
1	expiration_token	5
\.


--
-- Data for Name: unite; Type: TABLE DATA; Schema: public; Owner: postgres
--

COPY public.unite (id_unite, libelle) FROM stdin;
1	kpc
2	l
3	unite
4	kg
5	m
6	forfait
\.


--
-- Data for Name: utilisateur; Type: TABLE DATA; Schema: public; Owner: postgres
--

COPY public.utilisateur (id_utilisateur, active, created_token, email, mdp, role, nom, validation_token, created_reset_token, reset_token) FROM stdin;
4	f	2026-03-16 23:04:27.972149	tsialone@gmail.com	$2a$10$uFpeBvSpxxU1ccKdR18rg.SquNnUw/IP4DVbS9A52dceL4fX9g0aK	ROLE_USER	test	d435740e-6679-433c-8c46-6b065828a34e	\N	\N
5	t	\N	falsoryan@gmail.com	$2a$10$plmGupRop/zwjJ.UNsLAruSHEQ871CVNeLg09zlVLlzGLGAduITZ2	ROLE_USER	buh	\N	\N	\N
1	t	\N	tsialone1902@gmail.com	$2a$10$o6Oi1U8UaccEbkCVOdZLCekjNfjHliJiTxidths3SxKkWtr7IR4Ku	ROLE_USER	Tsialone	\N	\N	\N
6	t	\N	tsialoninahery@outlook.com	$2a$10$/utpXKhIGoaQ4XzmOipJFO2VPzFNiXQh6Qf.RwsPx4Bm7GL67wjBa	ROLE_USER	Mickaël 	\N	\N	\N
7	t	\N	mickael.tsialonina@outlook.fr	$2a$10$q.L2ESFUfj2UpVACBdlzKedydm3lpaNJ0utelAdd0hyIL8zc5g5Ru	ROLE_USER	Tiavina 	\N	\N	\N
\.


--
-- Name: categorie_depense_detail_id_cdd_seq; Type: SEQUENCE SET; Schema: public; Owner: postgres
--

SELECT pg_catalog.setval('public.categorie_depense_detail_id_cdd_seq', 26, true);


--
-- Name: categorie_depense_id_cd_seq; Type: SEQUENCE SET; Schema: public; Owner: postgres
--

SELECT pg_catalog.setval('public.categorie_depense_id_cd_seq', 9, true);


--
-- Name: depense_detail_id_depense_detail_seq; Type: SEQUENCE SET; Schema: public; Owner: postgres
--

SELECT pg_catalog.setval('public.depense_detail_id_depense_detail_seq', 184, true);


--
-- Name: depense_id_depense_seq; Type: SEQUENCE SET; Schema: public; Owner: postgres
--

SELECT pg_catalog.setval('public.depense_id_depense_seq', 60, true);


--
-- Name: param_id_param_seq; Type: SEQUENCE SET; Schema: public; Owner: postgres
--

SELECT pg_catalog.setval('public.param_id_param_seq', 1, true);


--
-- Name: unite_id_unite_seq; Type: SEQUENCE SET; Schema: public; Owner: postgres
--

SELECT pg_catalog.setval('public.unite_id_unite_seq', 6, true);


--
-- Name: utilisateur_id_utilisateur_seq; Type: SEQUENCE SET; Schema: public; Owner: postgres
--

SELECT pg_catalog.setval('public.utilisateur_id_utilisateur_seq', 7, true);


--
-- Name: categorie_depense_detail categorie_depense_detail_pkey; Type: CONSTRAINT; Schema: public; Owner: postgres
--

ALTER TABLE ONLY public.categorie_depense_detail
    ADD CONSTRAINT categorie_depense_detail_pkey PRIMARY KEY (id_cdd);


--
-- Name: categorie_depense categorie_depense_pkey; Type: CONSTRAINT; Schema: public; Owner: postgres
--

ALTER TABLE ONLY public.categorie_depense
    ADD CONSTRAINT categorie_depense_pkey PRIMARY KEY (id_cd);


--
-- Name: depense_detail depense_detail_pkey; Type: CONSTRAINT; Schema: public; Owner: postgres
--

ALTER TABLE ONLY public.depense_detail
    ADD CONSTRAINT depense_detail_pkey PRIMARY KEY (id_depense_detail);


--
-- Name: depense depense_pkey; Type: CONSTRAINT; Schema: public; Owner: postgres
--

ALTER TABLE ONLY public.depense
    ADD CONSTRAINT depense_pkey PRIMARY KEY (id_depense);


--
-- Name: param param_pkey; Type: CONSTRAINT; Schema: public; Owner: postgres
--

ALTER TABLE ONLY public.param
    ADD CONSTRAINT param_pkey PRIMARY KEY (id_param);


--
-- Name: param uk4h7ikxyup7v214tr6flf9ut1f; Type: CONSTRAINT; Schema: public; Owner: postgres
--

ALTER TABLE ONLY public.param
    ADD CONSTRAINT uk4h7ikxyup7v214tr6flf9ut1f UNIQUE (libelle);


--
-- Name: utilisateur ukmvy8xn6o6erfw445tfsu9qqxb; Type: CONSTRAINT; Schema: public; Owner: postgres
--

ALTER TABLE ONLY public.utilisateur
    ADD CONSTRAINT ukmvy8xn6o6erfw445tfsu9qqxb UNIQUE (nom);


--
-- Name: utilisateur ukrma38wvnqfaf66vvmi57c71lo; Type: CONSTRAINT; Schema: public; Owner: postgres
--

ALTER TABLE ONLY public.utilisateur
    ADD CONSTRAINT ukrma38wvnqfaf66vvmi57c71lo UNIQUE (email);


--
-- Name: unite unite_pkey; Type: CONSTRAINT; Schema: public; Owner: postgres
--

ALTER TABLE ONLY public.unite
    ADD CONSTRAINT unite_pkey PRIMARY KEY (id_unite);


--
-- Name: utilisateur utilisateur_pkey; Type: CONSTRAINT; Schema: public; Owner: postgres
--

ALTER TABLE ONLY public.utilisateur
    ADD CONSTRAINT utilisateur_pkey PRIMARY KEY (id_utilisateur);


--
-- Name: categorie_depense_detail categorie_depense_detail_id_cd_fkey; Type: FK CONSTRAINT; Schema: public; Owner: postgres
--

ALTER TABLE ONLY public.categorie_depense_detail
    ADD CONSTRAINT categorie_depense_detail_id_cd_fkey FOREIGN KEY (id_cd) REFERENCES public.categorie_depense(id_cd);


--
-- Name: depense_detail depense_detail_id_cdd_fkey; Type: FK CONSTRAINT; Schema: public; Owner: postgres
--

ALTER TABLE ONLY public.depense_detail
    ADD CONSTRAINT depense_detail_id_cdd_fkey FOREIGN KEY (id_cdd) REFERENCES public.categorie_depense_detail(id_cdd);


--
-- Name: depense_detail depense_detail_id_depense_fkey; Type: FK CONSTRAINT; Schema: public; Owner: postgres
--

ALTER TABLE ONLY public.depense_detail
    ADD CONSTRAINT depense_detail_id_depense_fkey FOREIGN KEY (id_depense) REFERENCES public.depense(id_depense);


--
-- Name: depense_detail depense_detail_id_unite_fkey; Type: FK CONSTRAINT; Schema: public; Owner: postgres
--

ALTER TABLE ONLY public.depense_detail
    ADD CONSTRAINT depense_detail_id_unite_fkey FOREIGN KEY (id_unite) REFERENCES public.unite(id_unite);


--
-- Name: depense depense_id_cd_fkey; Type: FK CONSTRAINT; Schema: public; Owner: postgres
--

ALTER TABLE ONLY public.depense
    ADD CONSTRAINT depense_id_cd_fkey FOREIGN KEY (id_cd) REFERENCES public.categorie_depense(id_cd);


--
-- Name: categorie_depense fk7srtb3rqwt54aou259lu7r7js; Type: FK CONSTRAINT; Schema: public; Owner: postgres
--

ALTER TABLE ONLY public.categorie_depense
    ADD CONSTRAINT fk7srtb3rqwt54aou259lu7r7js FOREIGN KEY (id_utilisateur) REFERENCES public.utilisateur(id_utilisateur);


--
-- Name: depense fktdjyyi1fr0khs7vjui0eut73t; Type: FK CONSTRAINT; Schema: public; Owner: postgres
--

ALTER TABLE ONLY public.depense
    ADD CONSTRAINT fktdjyyi1fr0khs7vjui0eut73t FOREIGN KEY (id_utilisateur) REFERENCES public.utilisateur(id_utilisateur);


--
-- PostgreSQL database dump complete
--

\unrestrict SYs2zfMfruWcE2onR1qO4pZRwKFICHPQXsjZBRhV9xymmXNOrZZaY0mD87QpVhV

